blocksize,image,dimgrid,duration
1,image1.pgm,48841,110
1,image1.pgm,48841,90
1,image1.pgm,48841,99
1,image1.pgm,48841,92
1,image1.pgm,48841,92
1,image1.pgm,48841,91
1,image1.pgm,48841,95
1,image1.pgm,48841,91
1,image1.pgm,48841,92
1,image1.pgm,48841,94
1,image1.pgm,48841,91
1,image1.pgm,48841,90
1,image1.pgm,48841,93
1,image1.pgm,48841,95
1,image1.pgm,48841,91
1,image1.pgm,48841,103
1,image1.pgm,48841,91
1,image1.pgm,48841,91
1,image1.pgm,48841,92
1,image1.pgm,48841,92
2,image1.pgm,24421,61
2,image1.pgm,24421,58
2,image1.pgm,24421,57
2,image1.pgm,24421,56
2,image1.pgm,24421,67
2,image1.pgm,24421,57
2,image1.pgm,24421,56
2,image1.pgm,24421,61
2,image1.pgm,24421,57
2,image1.pgm,24421,56
2,image1.pgm,24421,57
2,image1.pgm,24421,62
2,image1.pgm,24421,58
2,image1.pgm,24421,57
2,image1.pgm,24421,58
2,image1.pgm,24421,59
2,image1.pgm,24421,85
2,image1.pgm,24421,58
2,image1.pgm,24421,58
2,image1.pgm,24421,85
3,image1.pgm,16281,49
3,image1.pgm,16281,141
3,image1.pgm,16281,45
3,image1.pgm,16281,50
3,image1.pgm,16281,62
3,image1.pgm,16281,46
3,image1.pgm,16281,46
3,image1.pgm,16281,46
3,image1.pgm,16281,46
3,image1.pgm,16281,55
3,image1.pgm,16281,55
3,image1.pgm,16281,45
3,image1.pgm,16281,51
3,image1.pgm,16281,45
3,image1.pgm,16281,61
3,image1.pgm,16281,46
3,image1.pgm,16281,45
3,image1.pgm,16281,47
3,image1.pgm,16281,45
3,image1.pgm,16281,47
4,image1.pgm,12211,41
4,image1.pgm,12211,40
4,image1.pgm,12211,39
4,image1.pgm,12211,39
4,image1.pgm,12211,39
4,image1.pgm,12211,41
4,image1.pgm,12211,51
4,image1.pgm,12211,39
4,image1.pgm,12211,40
4,image1.pgm,12211,39
4,image1.pgm,12211,41
4,image1.pgm,12211,40
4,image1.pgm,12211,54
4,image1.pgm,12211,39
4,image1.pgm,12211,41
4,image1.pgm,12211,40
4,image1.pgm,12211,46
4,image1.pgm,12211,43
4,image1.pgm,12211,42
4,image1.pgm,12211,41
5,image1.pgm,9769,37
5,image1.pgm,9769,38
5,image1.pgm,9769,45
5,image1.pgm,9769,41
5,image1.pgm,9769,50
5,image1.pgm,9769,37
5,image1.pgm,9769,117
5,image1.pgm,9769,51
5,image1.pgm,9769,37
5,image1.pgm,9769,39
5,image1.pgm,9769,37
5,image1.pgm,9769,39
5,image1.pgm,9769,37
5,image1.pgm,9769,39
5,image1.pgm,9769,38
5,image1.pgm,9769,36
5,image1.pgm,9769,37
5,image1.pgm,9769,37
5,image1.pgm,9769,37
5,image1.pgm,9769,38
6,image1.pgm,8141,36
6,image1.pgm,8141,33
6,image1.pgm,8141,35
6,image1.pgm,8141,46
6,image1.pgm,8141,39
6,image1.pgm,8141,34
6,image1.pgm,8141,35
6,image1.pgm,8141,37
6,image1.pgm,8141,37
6,image1.pgm,8141,36
6,image1.pgm,8141,36
6,image1.pgm,8141,46
6,image1.pgm,8141,41
6,image1.pgm,8141,35
6,image1.pgm,8141,35
6,image1.pgm,8141,36
6,image1.pgm,8141,34
6,image1.pgm,8141,50
6,image1.pgm,8141,34
6,image1.pgm,8141,35
7,image1.pgm,6978,37
7,image1.pgm,6978,33
7,image1.pgm,6978,32
7,image1.pgm,6978,33
7,image1.pgm,6978,32
7,image1.pgm,6978,69
7,image1.pgm,6978,48
7,image1.pgm,6978,34
7,image1.pgm,6978,33
7,image1.pgm,6978,33
7,image1.pgm,6978,34
7,image1.pgm,6978,33
7,image1.pgm,6978,32
7,image1.pgm,6978,34
7,image1.pgm,6978,32
7,image1.pgm,6978,33
7,image1.pgm,6978,37
7,image1.pgm,6978,37
7,image1.pgm,6978,43
7,image1.pgm,6978,41
8,image1.pgm,6106,31
8,image1.pgm,6106,32
8,image1.pgm,6106,32
8,image1.pgm,6106,31
8,image1.pgm,6106,32
8,image1.pgm,6106,42
8,image1.pgm,6106,31
8,image1.pgm,6106,32
8,image1.pgm,6106,30
8,image1.pgm,6106,44
8,image1.pgm,6106,31
8,image1.pgm,6106,32
8,image1.pgm,6106,47
8,image1.pgm,6106,33
8,image1.pgm,6106,39
8,image1.pgm,6106,33
8,image1.pgm,6106,31
8,image1.pgm,6106,31
8,image1.pgm,6106,31
8,image1.pgm,6106,37
9,image1.pgm,5427,30
9,image1.pgm,5427,32
9,image1.pgm,5427,31
9,image1.pgm,5427,31
9,image1.pgm,5427,35
9,image1.pgm,5427,43
9,image1.pgm,5427,33
9,image1.pgm,5427,30
9,image1.pgm,5427,30
9,image1.pgm,5427,30
9,image1.pgm,5427,31
9,image1.pgm,5427,32
9,image1.pgm,5427,31
9,image1.pgm,5427,30
9,image1.pgm,5427,31
9,image1.pgm,5427,30
9,image1.pgm,5427,31
9,image1.pgm,5427,31
9,image1.pgm,5427,31
9,image1.pgm,5427,32
10,image1.pgm,4885,30
10,image1.pgm,4885,30
10,image1.pgm,4885,41
10,image1.pgm,4885,28
10,image1.pgm,4885,33
10,image1.pgm,4885,29
10,image1.pgm,4885,31
10,image1.pgm,4885,35
10,image1.pgm,4885,30
10,image1.pgm,4885,29
10,image1.pgm,4885,42
10,image1.pgm,4885,42
10,image1.pgm,4885,30
10,image1.pgm,4885,43
10,image1.pgm,4885,39
10,image1.pgm,4885,29
10,image1.pgm,4885,32
10,image1.pgm,4885,30
10,image1.pgm,4885,46
10,image1.pgm,4885,29
11,image1.pgm,4441,40
11,image1.pgm,4441,44
11,image1.pgm,4441,30
11,image1.pgm,4441,42
11,image1.pgm,4441,40
11,image1.pgm,4441,42
11,image1.pgm,4441,44
11,image1.pgm,4441,41
11,image1.pgm,4441,28
11,image1.pgm,4441,30
11,image1.pgm,4441,30
11,image1.pgm,4441,42
11,image1.pgm,4441,28
11,image1.pgm,4441,29
11,image1.pgm,4441,30
11,image1.pgm,4441,29
11,image1.pgm,4441,29
11,image1.pgm,4441,29
11,image1.pgm,4441,30
11,image1.pgm,4441,31
12,image1.pgm,4071,29
12,image1.pgm,4071,28
12,image1.pgm,4071,29
12,image1.pgm,4071,29
12,image1.pgm,4071,43
12,image1.pgm,4071,42
12,image1.pgm,4071,30
12,image1.pgm,4071,30
12,image1.pgm,4071,28
12,image1.pgm,4071,30
12,image1.pgm,4071,29
12,image1.pgm,4071,43
12,image1.pgm,4071,31
12,image1.pgm,4071,30
12,image1.pgm,4071,35
12,image1.pgm,4071,42
12,image1.pgm,4071,42
12,image1.pgm,4071,28
12,image1.pgm,4071,27
12,image1.pgm,4071,28
13,image1.pgm,3757,29
13,image1.pgm,3757,37
13,image1.pgm,3757,25
13,image1.pgm,3757,43
13,image1.pgm,3757,40
13,image1.pgm,3757,30
13,image1.pgm,3757,28
13,image1.pgm,3757,29
13,image1.pgm,3757,28
13,image1.pgm,3757,29
13,image1.pgm,3757,35
13,image1.pgm,3757,37
13,image1.pgm,3757,29
13,image1.pgm,3757,42
13,image1.pgm,3757,30
13,image1.pgm,3757,29
13,image1.pgm,3757,28
13,image1.pgm,3757,27
13,image1.pgm,3757,31
13,image1.pgm,3757,30
14,image1.pgm,3489,27
14,image1.pgm,3489,40
14,image1.pgm,3489,28
14,image1.pgm,3489,43
14,image1.pgm,3489,40
14,image1.pgm,3489,49
14,image1.pgm,3489,27
14,image1.pgm,3489,32
14,image1.pgm,3489,26
14,image1.pgm,3489,28
14,image1.pgm,3489,28
14,image1.pgm,3489,27
14,image1.pgm,3489,31
14,image1.pgm,3489,29
14,image1.pgm,3489,27
14,image1.pgm,3489,40
14,image1.pgm,3489,32
14,image1.pgm,3489,49
14,image1.pgm,3489,26
14,image1.pgm,3489,28
15,image1.pgm,3257,28
15,image1.pgm,3257,28
15,image1.pgm,3257,29
15,image1.pgm,3257,28
15,image1.pgm,3257,52
15,image1.pgm,3257,27
15,image1.pgm,3257,54
15,image1.pgm,3257,26
15,image1.pgm,3257,29
15,image1.pgm,3257,27
15,image1.pgm,3257,28
15,image1.pgm,3257,55
15,image1.pgm,3257,27
15,image1.pgm,3257,29
15,image1.pgm,3257,28
15,image1.pgm,3257,28
15,image1.pgm,3257,27
15,image1.pgm,3257,27
15,image1.pgm,3257,27
15,image1.pgm,3257,27
16,image1.pgm,3053,27
16,image1.pgm,3053,27
16,image1.pgm,3053,28
16,image1.pgm,3053,47
16,image1.pgm,3053,28
16,image1.pgm,3053,29
16,image1.pgm,3053,29
16,image1.pgm,3053,28
16,image1.pgm,3053,28
16,image1.pgm,3053,28
16,image1.pgm,3053,27
16,image1.pgm,3053,28
16,image1.pgm,3053,63
16,image1.pgm,3053,28
16,image1.pgm,3053,29
16,image1.pgm,3053,29
16,image1.pgm,3053,30
16,image1.pgm,3053,49
16,image1.pgm,3053,29
16,image1.pgm,3053,29
17,image1.pgm,2873,26
17,image1.pgm,2873,28
17,image1.pgm,2873,27
17,image1.pgm,2873,27
17,image1.pgm,2873,29
17,image1.pgm,2873,29
17,image1.pgm,2873,28
17,image1.pgm,2873,26
17,image1.pgm,2873,29
17,image1.pgm,2873,29
17,image1.pgm,2873,29
17,image1.pgm,2873,40
17,image1.pgm,2873,29
17,image1.pgm,2873,44
17,image1.pgm,2873,29
17,image1.pgm,2873,27
17,image1.pgm,2873,28
17,image1.pgm,2873,28
17,image1.pgm,2873,27
17,image1.pgm,2873,27
18,image1.pgm,2714,27
18,image1.pgm,2714,55
18,image1.pgm,2714,27
18,image1.pgm,2714,41
18,image1.pgm,2714,35
18,image1.pgm,2714,27
18,image1.pgm,2714,29
18,image1.pgm,2714,27
18,image1.pgm,2714,47
18,image1.pgm,2714,27
18,image1.pgm,2714,29
18,image1.pgm,2714,27
18,image1.pgm,2714,28
18,image1.pgm,2714,55
18,image1.pgm,2714,30
18,image1.pgm,2714,27
18,image1.pgm,2714,29
18,image1.pgm,2714,28
18,image1.pgm,2714,27
18,image1.pgm,2714,27
19,image1.pgm,2571,29
19,image1.pgm,2571,28
19,image1.pgm,2571,27
19,image1.pgm,2571,27
19,image1.pgm,2571,28
19,image1.pgm,2571,31
19,image1.pgm,2571,27
19,image1.pgm,2571,28
19,image1.pgm,2571,26
19,image1.pgm,2571,26
19,image1.pgm,2571,27
19,image1.pgm,2571,25
19,image1.pgm,2571,28
19,image1.pgm,2571,27
19,image1.pgm,2571,27
19,image1.pgm,2571,26
19,image1.pgm,2571,28
19,image1.pgm,2571,28
19,image1.pgm,2571,28
19,image1.pgm,2571,28
20,image1.pgm,2443,27
20,image1.pgm,2443,28
20,image1.pgm,2443,27
20,image1.pgm,2443,40
20,image1.pgm,2443,26
20,image1.pgm,2443,26
20,image1.pgm,2443,27
20,image1.pgm,2443,27
20,image1.pgm,2443,30
20,image1.pgm,2443,27
20,image1.pgm,2443,27
20,image1.pgm,2443,54
20,image1.pgm,2443,28
20,image1.pgm,2443,27
20,image1.pgm,2443,26
20,image1.pgm,2443,27
20,image1.pgm,2443,27
20,image1.pgm,2443,28
20,image1.pgm,2443,29
20,image1.pgm,2443,28
21,image1.pgm,2326,29
21,image1.pgm,2326,27
21,image1.pgm,2326,25
21,image1.pgm,2326,27
21,image1.pgm,2326,26
21,image1.pgm,2326,26
21,image1.pgm,2326,27
21,image1.pgm,2326,27
21,image1.pgm,2326,27
21,image1.pgm,2326,27
21,image1.pgm,2326,27
21,image1.pgm,2326,26
21,image1.pgm,2326,26
21,image1.pgm,2326,26
21,image1.pgm,2326,26
21,image1.pgm,2326,30
21,image1.pgm,2326,27
21,image1.pgm,2326,26
21,image1.pgm,2326,49
21,image1.pgm,2326,26
22,image1.pgm,2221,28
22,image1.pgm,2221,26
22,image1.pgm,2221,25
22,image1.pgm,2221,26
22,image1.pgm,2221,26
22,image1.pgm,2221,27
22,image1.pgm,2221,26
22,image1.pgm,2221,26
22,image1.pgm,2221,27
22,image1.pgm,2221,27
22,image1.pgm,2221,28
22,image1.pgm,2221,27
22,image1.pgm,2221,27
22,image1.pgm,2221,27
22,image1.pgm,2221,26
22,image1.pgm,2221,27
22,image1.pgm,2221,28
22,image1.pgm,2221,26
22,image1.pgm,2221,30
22,image1.pgm,2221,26
23,image1.pgm,2124,27
23,image1.pgm,2124,27
23,image1.pgm,2124,26
23,image1.pgm,2124,32
23,image1.pgm,2124,26
23,image1.pgm,2124,26
23,image1.pgm,2124,27
23,image1.pgm,2124,27
23,image1.pgm,2124,26
23,image1.pgm,2124,25
23,image1.pgm,2124,26
23,image1.pgm,2124,26
23,image1.pgm,2124,27
23,image1.pgm,2124,27
23,image1.pgm,2124,26
23,image1.pgm,2124,25
23,image1.pgm,2124,30
23,image1.pgm,2124,27
23,image1.pgm,2124,27
23,image1.pgm,2124,25
24,image1.pgm,2036,27
24,image1.pgm,2036,27
24,image1.pgm,2036,26
24,image1.pgm,2036,27
24,image1.pgm,2036,27
24,image1.pgm,2036,26
24,image1.pgm,2036,39
24,image1.pgm,2036,25
24,image1.pgm,2036,26
24,image1.pgm,2036,26
24,image1.pgm,2036,26
24,image1.pgm,2036,26
24,image1.pgm,2036,26
24,image1.pgm,2036,26
24,image1.pgm,2036,26
24,image1.pgm,2036,27
24,image1.pgm,2036,26
24,image1.pgm,2036,25
24,image1.pgm,2036,26
24,image1.pgm,2036,29
25,image1.pgm,1954,25
25,image1.pgm,1954,26
25,image1.pgm,1954,26
25,image1.pgm,1954,26
25,image1.pgm,1954,26
25,image1.pgm,1954,28
25,image1.pgm,1954,27
25,image1.pgm,1954,25
25,image1.pgm,1954,27
25,image1.pgm,1954,27
25,image1.pgm,1954,26
25,image1.pgm,1954,26
25,image1.pgm,1954,28
25,image1.pgm,1954,29
25,image1.pgm,1954,26
25,image1.pgm,1954,30
25,image1.pgm,1954,31
25,image1.pgm,1954,26
25,image1.pgm,1954,27
25,image1.pgm,1954,48
26,image1.pgm,1879,25
26,image1.pgm,1879,41
26,image1.pgm,1879,26
26,image1.pgm,1879,26
26,image1.pgm,1879,24
26,image1.pgm,1879,26
26,image1.pgm,1879,26
26,image1.pgm,1879,26
26,image1.pgm,1879,25
26,image1.pgm,1879,29
26,image1.pgm,1879,26
26,image1.pgm,1879,27
26,image1.pgm,1879,26
26,image1.pgm,1879,26
26,image1.pgm,1879,26
26,image1.pgm,1879,26
26,image1.pgm,1879,26
26,image1.pgm,1879,26
26,image1.pgm,1879,25
26,image1.pgm,1879,26
27,image1.pgm,1809,27
27,image1.pgm,1809,26
27,image1.pgm,1809,25
27,image1.pgm,1809,28
27,image1.pgm,1809,25
27,image1.pgm,1809,26
27,image1.pgm,1809,25
27,image1.pgm,1809,27
27,image1.pgm,1809,26
27,image1.pgm,1809,36
27,image1.pgm,1809,25
27,image1.pgm,1809,26
27,image1.pgm,1809,25
27,image1.pgm,1809,26
27,image1.pgm,1809,26
27,image1.pgm,1809,37
27,image1.pgm,1809,26
27,image1.pgm,1809,27
27,image1.pgm,1809,26
27,image1.pgm,1809,27
28,image1.pgm,1745,26
28,image1.pgm,1745,25
28,image1.pgm,1745,25
28,image1.pgm,1745,26
28,image1.pgm,1745,27
28,image1.pgm,1745,27
28,image1.pgm,1745,29
28,image1.pgm,1745,26
28,image1.pgm,1745,25
28,image1.pgm,1745,26
28,image1.pgm,1745,26
28,image1.pgm,1745,26
28,image1.pgm,1745,27
28,image1.pgm,1745,25
28,image1.pgm,1745,26
28,image1.pgm,1745,39
28,image1.pgm,1745,25
28,image1.pgm,1745,26
28,image1.pgm,1745,25
28,image1.pgm,1745,27
29,image1.pgm,1685,27
29,image1.pgm,1685,25
29,image1.pgm,1685,25
29,image1.pgm,1685,26
29,image1.pgm,1685,28
29,image1.pgm,1685,25
29,image1.pgm,1685,26
29,image1.pgm,1685,26
29,image1.pgm,1685,26
29,image1.pgm,1685,28
29,image1.pgm,1685,26
29,image1.pgm,1685,26
29,image1.pgm,1685,26
29,image1.pgm,1685,27
29,image1.pgm,1685,26
29,image1.pgm,1685,29
29,image1.pgm,1685,26
29,image1.pgm,1685,26
29,image1.pgm,1685,50
29,image1.pgm,1685,29
30,image1.pgm,1629,25
30,image1.pgm,1629,28
30,image1.pgm,1629,24
30,image1.pgm,1629,26
30,image1.pgm,1629,25
30,image1.pgm,1629,28
30,image1.pgm,1629,27
30,image1.pgm,1629,26
30,image1.pgm,1629,54
30,image1.pgm,1629,25
30,image1.pgm,1629,27
30,image1.pgm,1629,23
30,image1.pgm,1629,26
30,image1.pgm,1629,26
30,image1.pgm,1629,28
30,image1.pgm,1629,25
30,image1.pgm,1629,27
30,image1.pgm,1629,27
30,image1.pgm,1629,26
30,image1.pgm,1629,26
31,image1.pgm,1576,26
31,image1.pgm,1576,25
31,image1.pgm,1576,36
31,image1.pgm,1576,26
31,image1.pgm,1576,26
31,image1.pgm,1576,25
31,image1.pgm,1576,25
31,image1.pgm,1576,26
31,image1.pgm,1576,25
31,image1.pgm,1576,25
31,image1.pgm,1576,27
31,image1.pgm,1576,30
31,image1.pgm,1576,28
31,image1.pgm,1576,25
31,image1.pgm,1576,25
31,image1.pgm,1576,24
31,image1.pgm,1576,25
31,image1.pgm,1576,25
31,image1.pgm,1576,29
31,image1.pgm,1576,27
32,image1.pgm,1527,23
32,image1.pgm,1527,37
32,image1.pgm,1527,25
32,image1.pgm,1527,24
32,image1.pgm,1527,26
32,image1.pgm,1527,25
32,image1.pgm,1527,29
32,image1.pgm,1527,25
32,image1.pgm,1527,24
32,image1.pgm,1527,24
32,image1.pgm,1527,25
32,image1.pgm,1527,38
32,image1.pgm,1527,30
32,image1.pgm,1527,26
32,image1.pgm,1527,25
32,image1.pgm,1527,48
32,image1.pgm,1527,26
32,image1.pgm,1527,24
32,image1.pgm,1527,27
32,image1.pgm,1527,27
33,image1.pgm,1481,25
33,image1.pgm,1481,27
33,image1.pgm,1481,24
33,image1.pgm,1481,37
33,image1.pgm,1481,26
33,image1.pgm,1481,25
33,image1.pgm,1481,25
33,image1.pgm,1481,26
33,image1.pgm,1481,24
33,image1.pgm,1481,26
33,image1.pgm,1481,25
33,image1.pgm,1481,36
33,image1.pgm,1481,25
33,image1.pgm,1481,53
33,image1.pgm,1481,25
33,image1.pgm,1481,25
33,image1.pgm,1481,28
33,image1.pgm,1481,38
33,image1.pgm,1481,26
33,image1.pgm,1481,26
34,image1.pgm,1437,27
34,image1.pgm,1437,26
34,image1.pgm,1437,24
34,image1.pgm,1437,26
34,image1.pgm,1437,25
34,image1.pgm,1437,29
34,image1.pgm,1437,26
34,image1.pgm,1437,53
34,image1.pgm,1437,25
34,image1.pgm,1437,27
34,image1.pgm,1437,26
34,image1.pgm,1437,25
34,image1.pgm,1437,26
34,image1.pgm,1437,26
34,image1.pgm,1437,25
34,image1.pgm,1437,26
34,image1.pgm,1437,27
34,image1.pgm,1437,37
34,image1.pgm,1437,25
34,image1.pgm,1437,36
35,image1.pgm,1396,27
35,image1.pgm,1396,24
35,image1.pgm,1396,26
35,image1.pgm,1396,25
35,image1.pgm,1396,24
35,image1.pgm,1396,36
35,image1.pgm,1396,25
35,image1.pgm,1396,25
35,image1.pgm,1396,25
35,image1.pgm,1396,25
35,image1.pgm,1396,24
35,image1.pgm,1396,38
35,image1.pgm,1396,25
35,image1.pgm,1396,25
35,image1.pgm,1396,25
35,image1.pgm,1396,25
35,image1.pgm,1396,25
35,image1.pgm,1396,25
35,image1.pgm,1396,25
35,image1.pgm,1396,27
36,image1.pgm,1357,25
36,image1.pgm,1357,26
36,image1.pgm,1357,26
36,image1.pgm,1357,75
36,image1.pgm,1357,25
36,image1.pgm,1357,26
36,image1.pgm,1357,51
36,image1.pgm,1357,25
36,image1.pgm,1357,26
36,image1.pgm,1357,25
36,image1.pgm,1357,24
36,image1.pgm,1357,24
36,image1.pgm,1357,25
36,image1.pgm,1357,24
36,image1.pgm,1357,25
36,image1.pgm,1357,25
36,image1.pgm,1357,25
36,image1.pgm,1357,25
36,image1.pgm,1357,25
36,image1.pgm,1357,36
37,image1.pgm,1321,25
37,image1.pgm,1321,26
37,image1.pgm,1321,25
37,image1.pgm,1321,28
37,image1.pgm,1321,27
37,image1.pgm,1321,25
37,image1.pgm,1321,26
37,image1.pgm,1321,24
37,image1.pgm,1321,36
37,image1.pgm,1321,24
37,image1.pgm,1321,29
37,image1.pgm,1321,24
37,image1.pgm,1321,27
37,image1.pgm,1321,25
37,image1.pgm,1321,35
37,image1.pgm,1321,35
37,image1.pgm,1321,29
37,image1.pgm,1321,47
37,image1.pgm,1321,25
37,image1.pgm,1321,25
38,image1.pgm,1286,25
38,image1.pgm,1286,25
38,image1.pgm,1286,25
38,image1.pgm,1286,25
38,image1.pgm,1286,24
38,image1.pgm,1286,25
38,image1.pgm,1286,25
38,image1.pgm,1286,25
38,image1.pgm,1286,38
38,image1.pgm,1286,26
38,image1.pgm,1286,25
38,image1.pgm,1286,25
38,image1.pgm,1286,27
38,image1.pgm,1286,25
38,image1.pgm,1286,24
38,image1.pgm,1286,24
38,image1.pgm,1286,23
38,image1.pgm,1286,38
38,image1.pgm,1286,26
38,image1.pgm,1286,25
39,image1.pgm,1253,26
39,image1.pgm,1253,24
39,image1.pgm,1253,26
39,image1.pgm,1253,25
39,image1.pgm,1253,24
39,image1.pgm,1253,24
39,image1.pgm,1253,25
39,image1.pgm,1253,30
39,image1.pgm,1253,62
39,image1.pgm,1253,25
39,image1.pgm,1253,26
39,image1.pgm,1253,24
39,image1.pgm,1253,26
39,image1.pgm,1253,25
39,image1.pgm,1253,23
39,image1.pgm,1253,25
39,image1.pgm,1253,25
39,image1.pgm,1253,26
39,image1.pgm,1253,24
39,image1.pgm,1253,27
1,MontagneFoncee.pgm,307200,501
1,MontagneFoncee.pgm,307200,508
1,MontagneFoncee.pgm,307200,503
1,MontagneFoncee.pgm,307200,510
1,MontagneFoncee.pgm,307200,503
1,MontagneFoncee.pgm,307200,516
1,MontagneFoncee.pgm,307200,508
1,MontagneFoncee.pgm,307200,500
1,MontagneFoncee.pgm,307200,504
1,MontagneFoncee.pgm,307200,505
1,MontagneFoncee.pgm,307200,506
1,MontagneFoncee.pgm,307200,502
1,MontagneFoncee.pgm,307200,512
1,MontagneFoncee.pgm,307200,509
1,MontagneFoncee.pgm,307200,510
1,MontagneFoncee.pgm,307200,501
1,MontagneFoncee.pgm,307200,512
1,MontagneFoncee.pgm,307200,504
1,MontagneFoncee.pgm,307200,503
1,MontagneFoncee.pgm,307200,509
2,MontagneFoncee.pgm,153600,295
2,MontagneFoncee.pgm,153600,289
2,MontagneFoncee.pgm,153600,289
2,MontagneFoncee.pgm,153600,293
2,MontagneFoncee.pgm,153600,295
2,MontagneFoncee.pgm,153600,288
2,MontagneFoncee.pgm,153600,297
2,MontagneFoncee.pgm,153600,291
2,MontagneFoncee.pgm,153600,289
2,MontagneFoncee.pgm,153600,296
2,MontagneFoncee.pgm,153600,304
2,MontagneFoncee.pgm,153600,269
2,MontagneFoncee.pgm,153600,297
2,MontagneFoncee.pgm,153600,290
2,MontagneFoncee.pgm,153600,291
2,MontagneFoncee.pgm,153600,296
2,MontagneFoncee.pgm,153600,292
2,MontagneFoncee.pgm,153600,289
2,MontagneFoncee.pgm,153600,291
2,MontagneFoncee.pgm,153600,279
3,MontagneFoncee.pgm,102400,223
3,MontagneFoncee.pgm,102400,229
3,MontagneFoncee.pgm,102400,221
3,MontagneFoncee.pgm,102400,217
3,MontagneFoncee.pgm,102400,219
3,MontagneFoncee.pgm,102400,221
3,MontagneFoncee.pgm,102400,220
3,MontagneFoncee.pgm,102400,217
3,MontagneFoncee.pgm,102400,227
3,MontagneFoncee.pgm,102400,218
3,MontagneFoncee.pgm,102400,218
3,MontagneFoncee.pgm,102400,223
3,MontagneFoncee.pgm,102400,222
3,MontagneFoncee.pgm,102400,219
3,MontagneFoncee.pgm,102400,218
3,MontagneFoncee.pgm,102400,219
3,MontagneFoncee.pgm,102400,219
3,MontagneFoncee.pgm,102400,220
3,MontagneFoncee.pgm,102400,217
3,MontagneFoncee.pgm,102400,219
4,MontagneFoncee.pgm,76800,184
4,MontagneFoncee.pgm,76800,184
4,MontagneFoncee.pgm,76800,192
4,MontagneFoncee.pgm,76800,194
4,MontagneFoncee.pgm,76800,183
4,MontagneFoncee.pgm,76800,174
4,MontagneFoncee.pgm,76800,183
4,MontagneFoncee.pgm,76800,188
4,MontagneFoncee.pgm,76800,190
4,MontagneFoncee.pgm,76800,182
4,MontagneFoncee.pgm,76800,184
4,MontagneFoncee.pgm,76800,186
4,MontagneFoncee.pgm,76800,185
4,MontagneFoncee.pgm,76800,182
4,MontagneFoncee.pgm,76800,182
4,MontagneFoncee.pgm,76800,184
4,MontagneFoncee.pgm,76800,185
4,MontagneFoncee.pgm,76800,188
4,MontagneFoncee.pgm,76800,184
4,MontagneFoncee.pgm,76800,185
5,MontagneFoncee.pgm,61440,163
5,MontagneFoncee.pgm,61440,174
5,MontagneFoncee.pgm,61440,162
5,MontagneFoncee.pgm,61440,166
5,MontagneFoncee.pgm,61440,171
5,MontagneFoncee.pgm,61440,170
5,MontagneFoncee.pgm,61440,165
5,MontagneFoncee.pgm,61440,171
5,MontagneFoncee.pgm,61440,162
5,MontagneFoncee.pgm,61440,162
5,MontagneFoncee.pgm,61440,159
5,MontagneFoncee.pgm,61440,189
5,MontagneFoncee.pgm,61440,162
5,MontagneFoncee.pgm,61440,171
5,MontagneFoncee.pgm,61440,164
5,MontagneFoncee.pgm,61440,132
5,MontagneFoncee.pgm,61440,161
5,MontagneFoncee.pgm,61440,163
5,MontagneFoncee.pgm,61440,170
5,MontagneFoncee.pgm,61440,165
6,MontagneFoncee.pgm,51200,145
6,MontagneFoncee.pgm,51200,154
6,MontagneFoncee.pgm,51200,147
6,MontagneFoncee.pgm,51200,147
6,MontagneFoncee.pgm,51200,153
6,MontagneFoncee.pgm,51200,149
6,MontagneFoncee.pgm,51200,147
6,MontagneFoncee.pgm,51200,150
6,MontagneFoncee.pgm,51200,145
6,MontagneFoncee.pgm,51200,157
6,MontagneFoncee.pgm,51200,138
6,MontagneFoncee.pgm,51200,150
6,MontagneFoncee.pgm,51200,150
6,MontagneFoncee.pgm,51200,153
6,MontagneFoncee.pgm,51200,154
6,MontagneFoncee.pgm,51200,152
6,MontagneFoncee.pgm,51200,148
6,MontagneFoncee.pgm,51200,156
6,MontagneFoncee.pgm,51200,146
6,MontagneFoncee.pgm,51200,148
7,MontagneFoncee.pgm,43886,143
7,MontagneFoncee.pgm,43886,138
7,MontagneFoncee.pgm,43886,137
7,MontagneFoncee.pgm,43886,133
7,MontagneFoncee.pgm,43886,137
7,MontagneFoncee.pgm,43886,156
7,MontagneFoncee.pgm,43886,130
7,MontagneFoncee.pgm,43886,144
7,MontagneFoncee.pgm,43886,130
7,MontagneFoncee.pgm,43886,138
7,MontagneFoncee.pgm,43886,137
7,MontagneFoncee.pgm,43886,142
7,MontagneFoncee.pgm,43886,142
7,MontagneFoncee.pgm,43886,135
7,MontagneFoncee.pgm,43886,143
7,MontagneFoncee.pgm,43886,137
7,MontagneFoncee.pgm,43886,137
7,MontagneFoncee.pgm,43886,136
7,MontagneFoncee.pgm,43886,128
7,MontagneFoncee.pgm,43886,136
8,MontagneFoncee.pgm,38400,135
8,MontagneFoncee.pgm,38400,134
8,MontagneFoncee.pgm,38400,131
8,MontagneFoncee.pgm,38400,131
8,MontagneFoncee.pgm,38400,118
8,MontagneFoncee.pgm,38400,136
8,MontagneFoncee.pgm,38400,132
8,MontagneFoncee.pgm,38400,133
8,MontagneFoncee.pgm,38400,135
8,MontagneFoncee.pgm,38400,137
8,MontagneFoncee.pgm,38400,131
8,MontagneFoncee.pgm,38400,138
8,MontagneFoncee.pgm,38400,131
8,MontagneFoncee.pgm,38400,136
8,MontagneFoncee.pgm,38400,137
8,MontagneFoncee.pgm,38400,135
8,MontagneFoncee.pgm,38400,131
8,MontagneFoncee.pgm,38400,136
8,MontagneFoncee.pgm,38400,131
8,MontagneFoncee.pgm,38400,136
9,MontagneFoncee.pgm,34134,126
9,MontagneFoncee.pgm,34134,125
9,MontagneFoncee.pgm,34134,131
9,MontagneFoncee.pgm,34134,124
9,MontagneFoncee.pgm,34134,124
9,MontagneFoncee.pgm,34134,129
9,MontagneFoncee.pgm,34134,124
9,MontagneFoncee.pgm,34134,123
9,MontagneFoncee.pgm,34134,131
9,MontagneFoncee.pgm,34134,123
9,MontagneFoncee.pgm,34134,125
9,MontagneFoncee.pgm,34134,123
9,MontagneFoncee.pgm,34134,132
9,MontagneFoncee.pgm,34134,131
9,MontagneFoncee.pgm,34134,124
9,MontagneFoncee.pgm,34134,128
9,MontagneFoncee.pgm,34134,125
9,MontagneFoncee.pgm,34134,131
9,MontagneFoncee.pgm,34134,121
9,MontagneFoncee.pgm,34134,126
10,MontagneFoncee.pgm,30720,131
10,MontagneFoncee.pgm,30720,118
10,MontagneFoncee.pgm,30720,117
10,MontagneFoncee.pgm,30720,125
10,MontagneFoncee.pgm,30720,124
10,MontagneFoncee.pgm,30720,126
10,MontagneFoncee.pgm,30720,108
10,MontagneFoncee.pgm,30720,120
10,MontagneFoncee.pgm,30720,118
10,MontagneFoncee.pgm,30720,125
10,MontagneFoncee.pgm,30720,127
10,MontagneFoncee.pgm,30720,118
10,MontagneFoncee.pgm,30720,117
10,MontagneFoncee.pgm,30720,123
10,MontagneFoncee.pgm,30720,119
10,MontagneFoncee.pgm,30720,120
10,MontagneFoncee.pgm,30720,120
10,MontagneFoncee.pgm,30720,128
10,MontagneFoncee.pgm,30720,118
10,MontagneFoncee.pgm,30720,121
11,MontagneFoncee.pgm,27928,115
11,MontagneFoncee.pgm,27928,121
11,MontagneFoncee.pgm,27928,122
11,MontagneFoncee.pgm,27928,123
11,MontagneFoncee.pgm,27928,115
11,MontagneFoncee.pgm,27928,124
11,MontagneFoncee.pgm,27928,112
11,MontagneFoncee.pgm,27928,114
11,MontagneFoncee.pgm,27928,115
11,MontagneFoncee.pgm,27928,115
11,MontagneFoncee.pgm,27928,117
11,MontagneFoncee.pgm,27928,116
11,MontagneFoncee.pgm,27928,115
11,MontagneFoncee.pgm,27928,114
11,MontagneFoncee.pgm,27928,114
11,MontagneFoncee.pgm,27928,126
11,MontagneFoncee.pgm,27928,115
11,MontagneFoncee.pgm,27928,62
11,MontagneFoncee.pgm,27928,114
11,MontagneFoncee.pgm,27928,115
12,MontagneFoncee.pgm,25600,111
12,MontagneFoncee.pgm,25600,121
12,MontagneFoncee.pgm,25600,119
12,MontagneFoncee.pgm,25600,119
12,MontagneFoncee.pgm,25600,117
12,MontagneFoncee.pgm,25600,96
12,MontagneFoncee.pgm,25600,114
12,MontagneFoncee.pgm,25600,112
12,MontagneFoncee.pgm,25600,119
12,MontagneFoncee.pgm,25600,113
12,MontagneFoncee.pgm,25600,113
12,MontagneFoncee.pgm,25600,110
12,MontagneFoncee.pgm,25600,112
12,MontagneFoncee.pgm,25600,110
12,MontagneFoncee.pgm,25600,118
12,MontagneFoncee.pgm,25600,111
12,MontagneFoncee.pgm,25600,111
12,MontagneFoncee.pgm,25600,112
12,MontagneFoncee.pgm,25600,113
12,MontagneFoncee.pgm,25600,102
13,MontagneFoncee.pgm,23631,111
13,MontagneFoncee.pgm,23631,115
13,MontagneFoncee.pgm,23631,98
13,MontagneFoncee.pgm,23631,111
13,MontagneFoncee.pgm,23631,114
13,MontagneFoncee.pgm,23631,116
13,MontagneFoncee.pgm,23631,112
13,MontagneFoncee.pgm,23631,110
13,MontagneFoncee.pgm,23631,108
13,MontagneFoncee.pgm,23631,114
13,MontagneFoncee.pgm,23631,108
13,MontagneFoncee.pgm,23631,118
13,MontagneFoncee.pgm,23631,124
13,MontagneFoncee.pgm,23631,108
13,MontagneFoncee.pgm,23631,111
13,MontagneFoncee.pgm,23631,110
13,MontagneFoncee.pgm,23631,109
13,MontagneFoncee.pgm,23631,109
13,MontagneFoncee.pgm,23631,109
13,MontagneFoncee.pgm,23631,108
14,MontagneFoncee.pgm,21943,106
14,MontagneFoncee.pgm,21943,106
14,MontagneFoncee.pgm,21943,108
14,MontagneFoncee.pgm,21943,68
14,MontagneFoncee.pgm,21943,107
14,MontagneFoncee.pgm,21943,113
14,MontagneFoncee.pgm,21943,120
14,MontagneFoncee.pgm,21943,106
14,MontagneFoncee.pgm,21943,107
14,MontagneFoncee.pgm,21943,106
14,MontagneFoncee.pgm,21943,104
14,MontagneFoncee.pgm,21943,104
14,MontagneFoncee.pgm,21943,108
14,MontagneFoncee.pgm,21943,107
14,MontagneFoncee.pgm,21943,106
14,MontagneFoncee.pgm,21943,106
14,MontagneFoncee.pgm,21943,84
14,MontagneFoncee.pgm,21943,114
14,MontagneFoncee.pgm,21943,99
14,MontagneFoncee.pgm,21943,106
15,MontagneFoncee.pgm,20480,102
15,MontagneFoncee.pgm,20480,89
15,MontagneFoncee.pgm,20480,111
15,MontagneFoncee.pgm,20480,101
15,MontagneFoncee.pgm,20480,104
15,MontagneFoncee.pgm,20480,105
15,MontagneFoncee.pgm,20480,106
15,MontagneFoncee.pgm,20480,103
15,MontagneFoncee.pgm,20480,104
15,MontagneFoncee.pgm,20480,104
15,MontagneFoncee.pgm,20480,113
15,MontagneFoncee.pgm,20480,114
15,MontagneFoncee.pgm,20480,112
15,MontagneFoncee.pgm,20480,113
15,MontagneFoncee.pgm,20480,116
15,MontagneFoncee.pgm,20480,106
15,MontagneFoncee.pgm,20480,108
15,MontagneFoncee.pgm,20480,113
15,MontagneFoncee.pgm,20480,105
15,MontagneFoncee.pgm,20480,111
16,MontagneFoncee.pgm,19200,104
16,MontagneFoncee.pgm,19200,110
16,MontagneFoncee.pgm,19200,102
16,MontagneFoncee.pgm,19200,103
16,MontagneFoncee.pgm,19200,101
16,MontagneFoncee.pgm,19200,117
16,MontagneFoncee.pgm,19200,112
16,MontagneFoncee.pgm,19200,104
16,MontagneFoncee.pgm,19200,106
16,MontagneFoncee.pgm,19200,107
16,MontagneFoncee.pgm,19200,101
16,MontagneFoncee.pgm,19200,103
16,MontagneFoncee.pgm,19200,104
16,MontagneFoncee.pgm,19200,100
16,MontagneFoncee.pgm,19200,102
16,MontagneFoncee.pgm,19200,110
16,MontagneFoncee.pgm,19200,109
16,MontagneFoncee.pgm,19200,110
16,MontagneFoncee.pgm,19200,110
16,MontagneFoncee.pgm,19200,101
17,MontagneFoncee.pgm,18071,108
17,MontagneFoncee.pgm,18071,108
17,MontagneFoncee.pgm,18071,102
17,MontagneFoncee.pgm,18071,101
17,MontagneFoncee.pgm,18071,91
17,MontagneFoncee.pgm,18071,103
17,MontagneFoncee.pgm,18071,83
17,MontagneFoncee.pgm,18071,104
17,MontagneFoncee.pgm,18071,105
17,MontagneFoncee.pgm,18071,106
17,MontagneFoncee.pgm,18071,105
17,MontagneFoncee.pgm,18071,111
17,MontagneFoncee.pgm,18071,93
17,MontagneFoncee.pgm,18071,103
17,MontagneFoncee.pgm,18071,105
17,MontagneFoncee.pgm,18071,90
17,MontagneFoncee.pgm,18071,102
17,MontagneFoncee.pgm,18071,109
17,MontagneFoncee.pgm,18071,101
17,MontagneFoncee.pgm,18071,102
18,MontagneFoncee.pgm,17067,101
18,MontagneFoncee.pgm,17067,101
18,MontagneFoncee.pgm,17067,101
18,MontagneFoncee.pgm,17067,89
18,MontagneFoncee.pgm,17067,99
18,MontagneFoncee.pgm,17067,97
18,MontagneFoncee.pgm,17067,98
18,MontagneFoncee.pgm,17067,95
18,MontagneFoncee.pgm,17067,98
18,MontagneFoncee.pgm,17067,99
18,MontagneFoncee.pgm,17067,106
18,MontagneFoncee.pgm,17067,101
18,MontagneFoncee.pgm,17067,99
18,MontagneFoncee.pgm,17067,113
18,MontagneFoncee.pgm,17067,101
18,MontagneFoncee.pgm,17067,98
18,MontagneFoncee.pgm,17067,82
18,MontagneFoncee.pgm,17067,90
18,MontagneFoncee.pgm,17067,109
18,MontagneFoncee.pgm,17067,101
19,MontagneFoncee.pgm,16169,98
19,MontagneFoncee.pgm,16169,100
19,MontagneFoncee.pgm,16169,101
19,MontagneFoncee.pgm,16169,107
19,MontagneFoncee.pgm,16169,104
19,MontagneFoncee.pgm,16169,100
19,MontagneFoncee.pgm,16169,106
19,MontagneFoncee.pgm,16169,66
19,MontagneFoncee.pgm,16169,97
19,MontagneFoncee.pgm,16169,100
19,MontagneFoncee.pgm,16169,103
19,MontagneFoncee.pgm,16169,99
19,MontagneFoncee.pgm,16169,97
19,MontagneFoncee.pgm,16169,99
19,MontagneFoncee.pgm,16169,100
19,MontagneFoncee.pgm,16169,96
19,MontagneFoncee.pgm,16169,106
19,MontagneFoncee.pgm,16169,107
19,MontagneFoncee.pgm,16169,96
19,MontagneFoncee.pgm,16169,98
20,MontagneFoncee.pgm,15360,105
20,MontagneFoncee.pgm,15360,98
20,MontagneFoncee.pgm,15360,90
20,MontagneFoncee.pgm,15360,102
20,MontagneFoncee.pgm,15360,99
20,MontagneFoncee.pgm,15360,101
20,MontagneFoncee.pgm,15360,96
20,MontagneFoncee.pgm,15360,104
20,MontagneFoncee.pgm,15360,98
20,MontagneFoncee.pgm,15360,103
20,MontagneFoncee.pgm,15360,99
20,MontagneFoncee.pgm,15360,98
20,MontagneFoncee.pgm,15360,104
20,MontagneFoncee.pgm,15360,99
20,MontagneFoncee.pgm,15360,103
20,MontagneFoncee.pgm,15360,104
20,MontagneFoncee.pgm,15360,102
20,MontagneFoncee.pgm,15360,95
20,MontagneFoncee.pgm,15360,95
20,MontagneFoncee.pgm,15360,95
21,MontagneFoncee.pgm,14629,98
21,MontagneFoncee.pgm,14629,93
21,MontagneFoncee.pgm,14629,97
21,MontagneFoncee.pgm,14629,100
21,MontagneFoncee.pgm,14629,138
21,MontagneFoncee.pgm,14629,98
21,MontagneFoncee.pgm,14629,100
21,MontagneFoncee.pgm,14629,97
21,MontagneFoncee.pgm,14629,101
21,MontagneFoncee.pgm,14629,99
21,MontagneFoncee.pgm,14629,100
21,MontagneFoncee.pgm,14629,99
21,MontagneFoncee.pgm,14629,98
21,MontagneFoncee.pgm,14629,98
21,MontagneFoncee.pgm,14629,110
21,MontagneFoncee.pgm,14629,87
21,MontagneFoncee.pgm,14629,105
21,MontagneFoncee.pgm,14629,103
21,MontagneFoncee.pgm,14629,109
21,MontagneFoncee.pgm,14629,98
22,MontagneFoncee.pgm,13964,95
22,MontagneFoncee.pgm,13964,85
22,MontagneFoncee.pgm,13964,97
22,MontagneFoncee.pgm,13964,95
22,MontagneFoncee.pgm,13964,104
22,MontagneFoncee.pgm,13964,92
22,MontagneFoncee.pgm,13964,102
22,MontagneFoncee.pgm,13964,105
22,MontagneFoncee.pgm,13964,95
22,MontagneFoncee.pgm,13964,100
22,MontagneFoncee.pgm,13964,96
22,MontagneFoncee.pgm,13964,95
22,MontagneFoncee.pgm,13964,97
22,MontagneFoncee.pgm,13964,83
22,MontagneFoncee.pgm,13964,101
22,MontagneFoncee.pgm,13964,88
22,MontagneFoncee.pgm,13964,96
22,MontagneFoncee.pgm,13964,98
22,MontagneFoncee.pgm,13964,99
22,MontagneFoncee.pgm,13964,101
23,MontagneFoncee.pgm,13357,103
23,MontagneFoncee.pgm,13357,74
23,MontagneFoncee.pgm,13357,92
23,MontagneFoncee.pgm,13357,94
23,MontagneFoncee.pgm,13357,92
23,MontagneFoncee.pgm,13357,96
23,MontagneFoncee.pgm,13357,94
23,MontagneFoncee.pgm,13357,95
23,MontagneFoncee.pgm,13357,95
23,MontagneFoncee.pgm,13357,104
23,MontagneFoncee.pgm,13357,99
23,MontagneFoncee.pgm,13357,99
23,MontagneFoncee.pgm,13357,83
23,MontagneFoncee.pgm,13357,85
23,MontagneFoncee.pgm,13357,100
23,MontagneFoncee.pgm,13357,96
23,MontagneFoncee.pgm,13357,86
23,MontagneFoncee.pgm,13357,102
23,MontagneFoncee.pgm,13357,90
23,MontagneFoncee.pgm,13357,102
24,MontagneFoncee.pgm,12800,95
24,MontagneFoncee.pgm,12800,93
24,MontagneFoncee.pgm,12800,102
24,MontagneFoncee.pgm,12800,94
24,MontagneFoncee.pgm,12800,93
24,MontagneFoncee.pgm,12800,96
24,MontagneFoncee.pgm,12800,96
24,MontagneFoncee.pgm,12800,93
24,MontagneFoncee.pgm,12800,43
24,MontagneFoncee.pgm,12800,101
24,MontagneFoncee.pgm,12800,93
24,MontagneFoncee.pgm,12800,97
24,MontagneFoncee.pgm,12800,85
24,MontagneFoncee.pgm,12800,85
24,MontagneFoncee.pgm,12800,92
24,MontagneFoncee.pgm,12800,92
24,MontagneFoncee.pgm,12800,84
24,MontagneFoncee.pgm,12800,93
24,MontagneFoncee.pgm,12800,100
24,MontagneFoncee.pgm,12800,94
25,MontagneFoncee.pgm,12288,93
25,MontagneFoncee.pgm,12288,121
25,MontagneFoncee.pgm,12288,94
25,MontagneFoncee.pgm,12288,95
25,MontagneFoncee.pgm,12288,104
25,MontagneFoncee.pgm,12288,96
25,MontagneFoncee.pgm,12288,95
25,MontagneFoncee.pgm,12288,93
25,MontagneFoncee.pgm,12288,103
25,MontagneFoncee.pgm,12288,100
25,MontagneFoncee.pgm,12288,111
25,MontagneFoncee.pgm,12288,91
25,MontagneFoncee.pgm,12288,92
25,MontagneFoncee.pgm,12288,103
25,MontagneFoncee.pgm,12288,95
25,MontagneFoncee.pgm,12288,96
25,MontagneFoncee.pgm,12288,93
25,MontagneFoncee.pgm,12288,98
25,MontagneFoncee.pgm,12288,100
25,MontagneFoncee.pgm,12288,100
26,MontagneFoncee.pgm,11816,105
26,MontagneFoncee.pgm,11816,92
26,MontagneFoncee.pgm,11816,95
26,MontagneFoncee.pgm,11816,93
26,MontagneFoncee.pgm,11816,97
26,MontagneFoncee.pgm,11816,93
26,MontagneFoncee.pgm,11816,91
26,MontagneFoncee.pgm,11816,93
26,MontagneFoncee.pgm,11816,93
26,MontagneFoncee.pgm,11816,99
26,MontagneFoncee.pgm,11816,96
26,MontagneFoncee.pgm,11816,98
26,MontagneFoncee.pgm,11816,95
26,MontagneFoncee.pgm,11816,95
26,MontagneFoncee.pgm,11816,94
26,MontagneFoncee.pgm,11816,90
26,MontagneFoncee.pgm,11816,95
26,MontagneFoncee.pgm,11816,94
26,MontagneFoncee.pgm,11816,90
26,MontagneFoncee.pgm,11816,95
27,MontagneFoncee.pgm,11378,93
27,MontagneFoncee.pgm,11378,108
27,MontagneFoncee.pgm,11378,94
27,MontagneFoncee.pgm,11378,93
27,MontagneFoncee.pgm,11378,94
27,MontagneFoncee.pgm,11378,92
27,MontagneFoncee.pgm,11378,95
27,MontagneFoncee.pgm,11378,94
27,MontagneFoncee.pgm,11378,90
27,MontagneFoncee.pgm,11378,71
27,MontagneFoncee.pgm,11378,90
27,MontagneFoncee.pgm,11378,89
27,MontagneFoncee.pgm,11378,93
27,MontagneFoncee.pgm,11378,109
27,MontagneFoncee.pgm,11378,107
27,MontagneFoncee.pgm,11378,93
27,MontagneFoncee.pgm,11378,98
27,MontagneFoncee.pgm,11378,97
27,MontagneFoncee.pgm,11378,94
27,MontagneFoncee.pgm,11378,82
28,MontagneFoncee.pgm,10972,91
28,MontagneFoncee.pgm,10972,90
28,MontagneFoncee.pgm,10972,98
28,MontagneFoncee.pgm,10972,94
28,MontagneFoncee.pgm,10972,75
28,MontagneFoncee.pgm,10972,92
28,MontagneFoncee.pgm,10972,92
28,MontagneFoncee.pgm,10972,93
28,MontagneFoncee.pgm,10972,90
28,MontagneFoncee.pgm,10972,94
28,MontagneFoncee.pgm,10972,93
28,MontagneFoncee.pgm,10972,90
28,MontagneFoncee.pgm,10972,90
28,MontagneFoncee.pgm,10972,90
28,MontagneFoncee.pgm,10972,99
28,MontagneFoncee.pgm,10972,98
28,MontagneFoncee.pgm,10972,98
28,MontagneFoncee.pgm,10972,90
28,MontagneFoncee.pgm,10972,97
28,MontagneFoncee.pgm,10972,92
29,MontagneFoncee.pgm,10594,97
29,MontagneFoncee.pgm,10594,91
29,MontagneFoncee.pgm,10594,89
29,MontagneFoncee.pgm,10594,90
29,MontagneFoncee.pgm,10594,91
29,MontagneFoncee.pgm,10594,98
29,MontagneFoncee.pgm,10594,92
29,MontagneFoncee.pgm,10594,93
29,MontagneFoncee.pgm,10594,93
29,MontagneFoncee.pgm,10594,95
29,MontagneFoncee.pgm,10594,89
29,MontagneFoncee.pgm,10594,95
29,MontagneFoncee.pgm,10594,88
29,MontagneFoncee.pgm,10594,93
29,MontagneFoncee.pgm,10594,91
29,MontagneFoncee.pgm,10594,91
29,MontagneFoncee.pgm,10594,90
29,MontagneFoncee.pgm,10594,96
29,MontagneFoncee.pgm,10594,100
29,MontagneFoncee.pgm,10594,91
30,MontagneFoncee.pgm,10240,79
30,MontagneFoncee.pgm,10240,97
30,MontagneFoncee.pgm,10240,97
30,MontagneFoncee.pgm,10240,99
30,MontagneFoncee.pgm,10240,96
30,MontagneFoncee.pgm,10240,90
30,MontagneFoncee.pgm,10240,92
30,MontagneFoncee.pgm,10240,89
30,MontagneFoncee.pgm,10240,96
30,MontagneFoncee.pgm,10240,97
30,MontagneFoncee.pgm,10240,91
30,MontagneFoncee.pgm,10240,89
30,MontagneFoncee.pgm,10240,98
30,MontagneFoncee.pgm,10240,97
30,MontagneFoncee.pgm,10240,98
30,MontagneFoncee.pgm,10240,90
30,MontagneFoncee.pgm,10240,90
30,MontagneFoncee.pgm,10240,95
30,MontagneFoncee.pgm,10240,94
30,MontagneFoncee.pgm,10240,89
31,MontagneFoncee.pgm,9910,89
31,MontagneFoncee.pgm,9910,92
31,MontagneFoncee.pgm,9910,91
31,MontagneFoncee.pgm,9910,89
31,MontagneFoncee.pgm,9910,90
31,MontagneFoncee.pgm,9910,111
31,MontagneFoncee.pgm,9910,98
31,MontagneFoncee.pgm,9910,88
31,MontagneFoncee.pgm,9910,89
31,MontagneFoncee.pgm,9910,99
31,MontagneFoncee.pgm,9910,90
31,MontagneFoncee.pgm,9910,96
31,MontagneFoncee.pgm,9910,96
31,MontagneFoncee.pgm,9910,97
31,MontagneFoncee.pgm,9910,92
31,MontagneFoncee.pgm,9910,72
31,MontagneFoncee.pgm,9910,98
31,MontagneFoncee.pgm,9910,96
31,MontagneFoncee.pgm,9910,96
31,MontagneFoncee.pgm,9910,91
32,MontagneFoncee.pgm,9600,97
32,MontagneFoncee.pgm,9600,89
32,MontagneFoncee.pgm,9600,98
32,MontagneFoncee.pgm,9600,92
32,MontagneFoncee.pgm,9600,98
32,MontagneFoncee.pgm,9600,89
32,MontagneFoncee.pgm,9600,95
32,MontagneFoncee.pgm,9600,90
32,MontagneFoncee.pgm,9600,95
32,MontagneFoncee.pgm,9600,94
32,MontagneFoncee.pgm,9600,95
32,MontagneFoncee.pgm,9600,94
32,MontagneFoncee.pgm,9600,90
32,MontagneFoncee.pgm,9600,89
32,MontagneFoncee.pgm,9600,94
32,MontagneFoncee.pgm,9600,91
32,MontagneFoncee.pgm,9600,96
32,MontagneFoncee.pgm,9600,97
32,MontagneFoncee.pgm,9600,104
32,MontagneFoncee.pgm,9600,93
33,MontagneFoncee.pgm,9310,86
33,MontagneFoncee.pgm,9310,92
33,MontagneFoncee.pgm,9310,95
33,MontagneFoncee.pgm,9310,91
33,MontagneFoncee.pgm,9310,90
33,MontagneFoncee.pgm,9310,90
33,MontagneFoncee.pgm,9310,93
33,MontagneFoncee.pgm,9310,95
33,MontagneFoncee.pgm,9310,89
33,MontagneFoncee.pgm,9310,80
33,MontagneFoncee.pgm,9310,89
33,MontagneFoncee.pgm,9310,91
33,MontagneFoncee.pgm,9310,95
33,MontagneFoncee.pgm,9310,56
33,MontagneFoncee.pgm,9310,90
33,MontagneFoncee.pgm,9310,99
33,MontagneFoncee.pgm,9310,92
33,MontagneFoncee.pgm,9310,88
33,MontagneFoncee.pgm,9310,92
33,MontagneFoncee.pgm,9310,89
34,MontagneFoncee.pgm,9036,90
34,MontagneFoncee.pgm,9036,89
34,MontagneFoncee.pgm,9036,78
34,MontagneFoncee.pgm,9036,89
34,MontagneFoncee.pgm,9036,89
34,MontagneFoncee.pgm,9036,89
34,MontagneFoncee.pgm,9036,91
34,MontagneFoncee.pgm,9036,93
34,MontagneFoncee.pgm,9036,88
34,MontagneFoncee.pgm,9036,86
34,MontagneFoncee.pgm,9036,93
34,MontagneFoncee.pgm,9036,90
34,MontagneFoncee.pgm,9036,94
34,MontagneFoncee.pgm,9036,89
34,MontagneFoncee.pgm,9036,96
34,MontagneFoncee.pgm,9036,89
34,MontagneFoncee.pgm,9036,92
34,MontagneFoncee.pgm,9036,87
34,MontagneFoncee.pgm,9036,87
34,MontagneFoncee.pgm,9036,88
35,MontagneFoncee.pgm,8778,98
35,MontagneFoncee.pgm,8778,88
35,MontagneFoncee.pgm,8778,94
35,MontagneFoncee.pgm,8778,91
35,MontagneFoncee.pgm,8778,95
35,MontagneFoncee.pgm,8778,88
35,MontagneFoncee.pgm,8778,91
35,MontagneFoncee.pgm,8778,96
35,MontagneFoncee.pgm,8778,87
35,MontagneFoncee.pgm,8778,93
35,MontagneFoncee.pgm,8778,90
35,MontagneFoncee.pgm,8778,91
35,MontagneFoncee.pgm,8778,90
35,MontagneFoncee.pgm,8778,93
35,MontagneFoncee.pgm,8778,103
35,MontagneFoncee.pgm,8778,97
35,MontagneFoncee.pgm,8778,96
35,MontagneFoncee.pgm,8778,97
35,MontagneFoncee.pgm,8778,90
35,MontagneFoncee.pgm,8778,92
36,MontagneFoncee.pgm,8534,91
36,MontagneFoncee.pgm,8534,96
36,MontagneFoncee.pgm,8534,98
36,MontagneFoncee.pgm,8534,91
36,MontagneFoncee.pgm,8534,93
36,MontagneFoncee.pgm,8534,90
36,MontagneFoncee.pgm,8534,97
36,MontagneFoncee.pgm,8534,98
36,MontagneFoncee.pgm,8534,98
36,MontagneFoncee.pgm,8534,94
36,MontagneFoncee.pgm,8534,95
36,MontagneFoncee.pgm,8534,95
36,MontagneFoncee.pgm,8534,96
36,MontagneFoncee.pgm,8534,90
36,MontagneFoncee.pgm,8534,94
36,MontagneFoncee.pgm,8534,102
36,MontagneFoncee.pgm,8534,100
36,MontagneFoncee.pgm,8534,93
36,MontagneFoncee.pgm,8534,93
36,MontagneFoncee.pgm,8534,90
37,MontagneFoncee.pgm,8303,91
37,MontagneFoncee.pgm,8303,103
37,MontagneFoncee.pgm,8303,91
37,MontagneFoncee.pgm,8303,95
37,MontagneFoncee.pgm,8303,95
37,MontagneFoncee.pgm,8303,88
37,MontagneFoncee.pgm,8303,102
37,MontagneFoncee.pgm,8303,98
37,MontagneFoncee.pgm,8303,97
37,MontagneFoncee.pgm,8303,96
37,MontagneFoncee.pgm,8303,96
37,MontagneFoncee.pgm,8303,98
37,MontagneFoncee.pgm,8303,97
37,MontagneFoncee.pgm,8303,93
37,MontagneFoncee.pgm,8303,98
37,MontagneFoncee.pgm,8303,93
37,MontagneFoncee.pgm,8303,91
37,MontagneFoncee.pgm,8303,95
37,MontagneFoncee.pgm,8303,97
37,MontagneFoncee.pgm,8303,97
38,MontagneFoncee.pgm,8085,99
38,MontagneFoncee.pgm,8085,103
38,MontagneFoncee.pgm,8085,97
38,MontagneFoncee.pgm,8085,99
38,MontagneFoncee.pgm,8085,97
38,MontagneFoncee.pgm,8085,96
38,MontagneFoncee.pgm,8085,96
38,MontagneFoncee.pgm,8085,94
38,MontagneFoncee.pgm,8085,91
38,MontagneFoncee.pgm,8085,94
38,MontagneFoncee.pgm,8085,100
38,MontagneFoncee.pgm,8085,96
38,MontagneFoncee.pgm,8085,98
38,MontagneFoncee.pgm,8085,98
38,MontagneFoncee.pgm,8085,100
38,MontagneFoncee.pgm,8085,98
38,MontagneFoncee.pgm,8085,99
38,MontagneFoncee.pgm,8085,98
38,MontagneFoncee.pgm,8085,99
38,MontagneFoncee.pgm,8085,97
39,MontagneFoncee.pgm,7877,88
39,MontagneFoncee.pgm,7877,97
39,MontagneFoncee.pgm,7877,90
39,MontagneFoncee.pgm,7877,94
39,MontagneFoncee.pgm,7877,94
39,MontagneFoncee.pgm,7877,87
39,MontagneFoncee.pgm,7877,99
39,MontagneFoncee.pgm,7877,94
39,MontagneFoncee.pgm,7877,100
39,MontagneFoncee.pgm,7877,100
39,MontagneFoncee.pgm,7877,111
39,MontagneFoncee.pgm,7877,90
39,MontagneFoncee.pgm,7877,96
39,MontagneFoncee.pgm,7877,97
39,MontagneFoncee.pgm,7877,96
39,MontagneFoncee.pgm,7877,97
39,MontagneFoncee.pgm,7877,89
39,MontagneFoncee.pgm,7877,92
39,MontagneFoncee.pgm,7877,96
39,MontagneFoncee.pgm,7877,98
1,stavrovouni.pgm,15075424,21134
1,stavrovouni.pgm,15075424,21148
1,stavrovouni.pgm,15075424,21153
1,stavrovouni.pgm,15075424,21121
1,stavrovouni.pgm,15075424,21134
1,stavrovouni.pgm,15075424,21133
1,stavrovouni.pgm,15075424,21134
1,stavrovouni.pgm,15075424,21145
1,stavrovouni.pgm,15075424,21144
1,stavrovouni.pgm,15075424,21134
1,stavrovouni.pgm,15075424,21152
1,stavrovouni.pgm,15075424,21136
1,stavrovouni.pgm,15075424,21136
1,stavrovouni.pgm,15075424,21138
1,stavrovouni.pgm,15075424,21116
1,stavrovouni.pgm,15075424,21136
1,stavrovouni.pgm,15075424,21138
1,stavrovouni.pgm,15075424,21133
1,stavrovouni.pgm,15075424,21136
1,stavrovouni.pgm,15075424,21136
2,stavrovouni.pgm,7537712,10631
2,stavrovouni.pgm,7537712,10630
2,stavrovouni.pgm,7537712,10624
2,stavrovouni.pgm,7537712,10625
2,stavrovouni.pgm,7537712,10647
2,stavrovouni.pgm,7537712,10611
2,stavrovouni.pgm,7537712,10627
2,stavrovouni.pgm,7537712,10497
2,stavrovouni.pgm,7537712,10636
2,stavrovouni.pgm,7537712,10613
2,stavrovouni.pgm,7537712,10627
2,stavrovouni.pgm,7537712,10630
2,stavrovouni.pgm,7537712,10622
2,stavrovouni.pgm,7537712,10620
2,stavrovouni.pgm,7537712,10618
2,stavrovouni.pgm,7537712,10615
2,stavrovouni.pgm,7537712,10625
2,stavrovouni.pgm,7537712,10616
2,stavrovouni.pgm,7537712,10693
2,stavrovouni.pgm,7537712,10653
3,stavrovouni.pgm,5025142,7286
3,stavrovouni.pgm,5025142,7286
3,stavrovouni.pgm,5025142,7288
3,stavrovouni.pgm,5025142,7255
3,stavrovouni.pgm,5025142,7346
3,stavrovouni.pgm,5025142,7283
3,stavrovouni.pgm,5025142,7283
3,stavrovouni.pgm,5025142,7277
3,stavrovouni.pgm,5025142,7304
3,stavrovouni.pgm,5025142,7278
3,stavrovouni.pgm,5025142,7280
3,stavrovouni.pgm,5025142,7285
3,stavrovouni.pgm,5025142,7296
3,stavrovouni.pgm,5025142,7293
3,stavrovouni.pgm,5025142,7274
3,stavrovouni.pgm,5025142,7278
3,stavrovouni.pgm,5025142,7294
3,stavrovouni.pgm,5025142,7282
3,stavrovouni.pgm,5025142,7304
3,stavrovouni.pgm,5025142,7299
4,stavrovouni.pgm,3768856,5536
4,stavrovouni.pgm,3768856,5537
4,stavrovouni.pgm,3768856,5539
4,stavrovouni.pgm,3768856,5526
4,stavrovouni.pgm,3768856,5545
4,stavrovouni.pgm,3768856,5545
4,stavrovouni.pgm,3768856,5540
4,stavrovouni.pgm,3768856,5485
4,stavrovouni.pgm,3768856,5533
4,stavrovouni.pgm,3768856,5548
4,stavrovouni.pgm,3768856,5540
4,stavrovouni.pgm,3768856,5571
4,stavrovouni.pgm,3768856,5528
4,stavrovouni.pgm,3768856,5532
4,stavrovouni.pgm,3768856,5537
4,stavrovouni.pgm,3768856,5536
4,stavrovouni.pgm,3768856,5537
4,stavrovouni.pgm,3768856,5548
4,stavrovouni.pgm,3768856,5536
4,stavrovouni.pgm,3768856,5525
5,stavrovouni.pgm,3015085,4435
5,stavrovouni.pgm,3015085,4445
5,stavrovouni.pgm,3015085,4463
5,stavrovouni.pgm,3015085,4431
5,stavrovouni.pgm,3015085,4441
5,stavrovouni.pgm,3015085,4432
5,stavrovouni.pgm,3015085,4431
5,stavrovouni.pgm,3015085,4438
5,stavrovouni.pgm,3015085,4435
5,stavrovouni.pgm,3015085,4437
5,stavrovouni.pgm,3015085,4440
5,stavrovouni.pgm,3015085,4443
5,stavrovouni.pgm,3015085,4445
5,stavrovouni.pgm,3015085,4443
5,stavrovouni.pgm,3015085,4429
5,stavrovouni.pgm,3015085,3718
5,stavrovouni.pgm,3015085,3717
5,stavrovouni.pgm,3015085,6035
5,stavrovouni.pgm,3015085,3756
5,stavrovouni.pgm,3015085,3750
6,stavrovouni.pgm,2512571,3159
6,stavrovouni.pgm,2512571,3144
6,stavrovouni.pgm,2512571,3144
6,stavrovouni.pgm,2512571,3151
6,stavrovouni.pgm,2512571,3153
6,stavrovouni.pgm,2512571,3145
6,stavrovouni.pgm,2512571,3144
6,stavrovouni.pgm,2512571,3143
6,stavrovouni.pgm,2512571,3715
6,stavrovouni.pgm,2512571,3713
6,stavrovouni.pgm,2512571,3728
6,stavrovouni.pgm,2512571,3712
6,stavrovouni.pgm,2512571,3740
6,stavrovouni.pgm,2512571,3717
6,stavrovouni.pgm,2512571,3722
6,stavrovouni.pgm,2512571,3722
6,stavrovouni.pgm,2512571,3718
6,stavrovouni.pgm,2512571,3137
6,stavrovouni.pgm,2512571,3140
6,stavrovouni.pgm,2512571,3140
7,stavrovouni.pgm,2153632,2715
7,stavrovouni.pgm,2153632,2710
7,stavrovouni.pgm,2153632,2710
7,stavrovouni.pgm,2153632,2709
7,stavrovouni.pgm,2153632,2710
7,stavrovouni.pgm,2153632,2709
7,stavrovouni.pgm,2153632,2711
7,stavrovouni.pgm,2153632,2714
7,stavrovouni.pgm,2153632,3258
7,stavrovouni.pgm,2153632,2703
7,stavrovouni.pgm,2153632,2711
7,stavrovouni.pgm,2153632,2723
7,stavrovouni.pgm,2153632,2713
7,stavrovouni.pgm,2153632,2710
7,stavrovouni.pgm,2153632,2709
7,stavrovouni.pgm,2153632,2707
7,stavrovouni.pgm,2153632,2706
7,stavrovouni.pgm,2153632,2711
7,stavrovouni.pgm,2153632,2708
7,stavrovouni.pgm,2153632,2707
8,stavrovouni.pgm,1884428,2848
8,stavrovouni.pgm,1884428,2838
8,stavrovouni.pgm,1884428,2852
8,stavrovouni.pgm,1884428,2847
8,stavrovouni.pgm,1884428,2840
8,stavrovouni.pgm,1884428,2848
8,stavrovouni.pgm,1884428,2851
8,stavrovouni.pgm,1884428,2839
8,stavrovouni.pgm,1884428,2850
8,stavrovouni.pgm,1884428,2855
8,stavrovouni.pgm,1884428,2842
8,stavrovouni.pgm,1884428,2846
8,stavrovouni.pgm,1884428,2845
8,stavrovouni.pgm,1884428,2854
8,stavrovouni.pgm,1884428,2839
8,stavrovouni.pgm,1884428,2841
8,stavrovouni.pgm,1884428,2854
8,stavrovouni.pgm,1884428,2860
8,stavrovouni.pgm,1884428,2851
8,stavrovouni.pgm,1884428,2855
9,stavrovouni.pgm,1675048,2511
9,stavrovouni.pgm,1675048,2516
9,stavrovouni.pgm,1675048,2515
9,stavrovouni.pgm,1675048,2521
9,stavrovouni.pgm,1675048,2519
9,stavrovouni.pgm,1675048,2510
9,stavrovouni.pgm,1675048,2520
9,stavrovouni.pgm,1675048,2522
9,stavrovouni.pgm,1675048,2518
9,stavrovouni.pgm,1675048,2519
9,stavrovouni.pgm,1675048,2519
9,stavrovouni.pgm,1675048,2512
9,stavrovouni.pgm,1675048,2513
9,stavrovouni.pgm,1675048,2518
9,stavrovouni.pgm,1675048,2528
9,stavrovouni.pgm,1675048,3382
9,stavrovouni.pgm,1675048,2352
9,stavrovouni.pgm,1675048,2319
9,stavrovouni.pgm,1675048,3751
9,stavrovouni.pgm,1675048,3408
10,stavrovouni.pgm,1507543,2098
10,stavrovouni.pgm,1507543,3272
10,stavrovouni.pgm,1507543,2172
10,stavrovouni.pgm,1507543,2152
10,stavrovouni.pgm,1507543,2163
10,stavrovouni.pgm,1507543,2139
10,stavrovouni.pgm,1507543,2126
10,stavrovouni.pgm,1507543,2149
10,stavrovouni.pgm,1507543,2119
10,stavrovouni.pgm,1507543,2128
10,stavrovouni.pgm,1507543,3590
10,stavrovouni.pgm,1507543,3237
10,stavrovouni.pgm,1507543,3582
10,stavrovouni.pgm,1507543,2145
10,stavrovouni.pgm,1507543,3122
10,stavrovouni.pgm,1507543,2169
10,stavrovouni.pgm,1507543,1923
10,stavrovouni.pgm,1507543,2276
10,stavrovouni.pgm,1507543,2264
10,stavrovouni.pgm,1507543,2276
11,stavrovouni.pgm,1370494,2069
11,stavrovouni.pgm,1370494,2071
11,stavrovouni.pgm,1370494,2077
11,stavrovouni.pgm,1370494,2065
11,stavrovouni.pgm,1370494,2058
11,stavrovouni.pgm,1370494,2058
11,stavrovouni.pgm,1370494,2071
11,stavrovouni.pgm,1370494,2057
11,stavrovouni.pgm,1370494,1759
11,stavrovouni.pgm,1370494,1749
11,stavrovouni.pgm,1370494,1758
11,stavrovouni.pgm,1370494,1750
11,stavrovouni.pgm,1370494,1750
11,stavrovouni.pgm,1370494,1749
11,stavrovouni.pgm,1370494,1760
11,stavrovouni.pgm,1370494,1761
11,stavrovouni.pgm,1370494,1757
11,stavrovouni.pgm,1370494,1752
11,stavrovouni.pgm,1370494,2072
11,stavrovouni.pgm,1370494,2067
12,stavrovouni.pgm,1256286,1909
12,stavrovouni.pgm,1256286,1908
12,stavrovouni.pgm,1256286,1905
12,stavrovouni.pgm,1256286,1909
12,stavrovouni.pgm,1256286,1904
12,stavrovouni.pgm,1256286,1899
12,stavrovouni.pgm,1256286,1909
12,stavrovouni.pgm,1256286,1896
12,stavrovouni.pgm,1256286,1906
12,stavrovouni.pgm,1256286,1909
12,stavrovouni.pgm,1256286,1898
12,stavrovouni.pgm,1256286,1907
12,stavrovouni.pgm,1256286,1897
12,stavrovouni.pgm,1256286,1915
12,stavrovouni.pgm,1256286,1909
12,stavrovouni.pgm,1256286,1898
12,stavrovouni.pgm,1256286,1915
12,stavrovouni.pgm,1256286,1910
12,stavrovouni.pgm,1256286,1907
12,stavrovouni.pgm,1256286,1909
13,stavrovouni.pgm,1159648,1758
13,stavrovouni.pgm,1159648,1755
13,stavrovouni.pgm,1159648,1759
13,stavrovouni.pgm,1159648,1770
13,stavrovouni.pgm,1159648,1756
13,stavrovouni.pgm,1159648,1761
13,stavrovouni.pgm,1159648,1759
13,stavrovouni.pgm,1159648,1749
13,stavrovouni.pgm,1159648,1756
13,stavrovouni.pgm,1159648,1761
13,stavrovouni.pgm,1159648,1756
13,stavrovouni.pgm,1159648,1757
13,stavrovouni.pgm,1159648,1756
13,stavrovouni.pgm,1159648,1754
13,stavrovouni.pgm,1159648,1755
13,stavrovouni.pgm,1159648,1756
13,stavrovouni.pgm,1159648,1759
13,stavrovouni.pgm,1159648,1759
13,stavrovouni.pgm,1159648,1749
13,stavrovouni.pgm,1159648,1747
14,stavrovouni.pgm,1076816,1626
14,stavrovouni.pgm,1076816,1640
14,stavrovouni.pgm,1076816,1629
14,stavrovouni.pgm,1076816,1630
14,stavrovouni.pgm,1076816,1642
14,stavrovouni.pgm,1076816,1635
14,stavrovouni.pgm,1076816,1638
14,stavrovouni.pgm,1076816,1627
14,stavrovouni.pgm,1076816,1640
14,stavrovouni.pgm,1076816,1629
14,stavrovouni.pgm,1076816,1631
14,stavrovouni.pgm,1076816,1630
14,stavrovouni.pgm,1076816,1642
14,stavrovouni.pgm,1076816,1639
14,stavrovouni.pgm,1076816,1641
14,stavrovouni.pgm,1076816,1643
14,stavrovouni.pgm,1076816,1639
14,stavrovouni.pgm,1076816,1638
14,stavrovouni.pgm,1076816,1639
14,stavrovouni.pgm,1076816,1638
15,stavrovouni.pgm,1005029,1536
15,stavrovouni.pgm,1005029,1524
15,stavrovouni.pgm,1005029,1534
15,stavrovouni.pgm,1005029,1535
15,stavrovouni.pgm,1005029,1534
15,stavrovouni.pgm,1005029,1524
15,stavrovouni.pgm,1005029,1536
15,stavrovouni.pgm,1005029,1525
15,stavrovouni.pgm,1005029,1535
15,stavrovouni.pgm,1005029,1534
15,stavrovouni.pgm,1005029,1533
15,stavrovouni.pgm,1005029,1543
15,stavrovouni.pgm,1005029,1529
15,stavrovouni.pgm,1005029,1535
15,stavrovouni.pgm,1005029,1533
15,stavrovouni.pgm,1005029,1534
15,stavrovouni.pgm,1005029,1535
15,stavrovouni.pgm,1005029,1531
15,stavrovouni.pgm,1005029,1528
15,stavrovouni.pgm,1005029,1534
16,stavrovouni.pgm,942214,1449
16,stavrovouni.pgm,942214,1446
16,stavrovouni.pgm,942214,1434
16,stavrovouni.pgm,942214,1436
16,stavrovouni.pgm,942214,1455
16,stavrovouni.pgm,942214,1444
16,stavrovouni.pgm,942214,1458
16,stavrovouni.pgm,942214,1445
16,stavrovouni.pgm,942214,1443
16,stavrovouni.pgm,942214,1446
16,stavrovouni.pgm,942214,1441
16,stavrovouni.pgm,942214,1453
16,stavrovouni.pgm,942214,1445
16,stavrovouni.pgm,942214,1435
16,stavrovouni.pgm,942214,1452
16,stavrovouni.pgm,942214,1441
16,stavrovouni.pgm,942214,1445
16,stavrovouni.pgm,942214,1448
16,stavrovouni.pgm,942214,1446
16,stavrovouni.pgm,942214,1437
17,stavrovouni.pgm,886790,1365
17,stavrovouni.pgm,886790,1365
17,stavrovouni.pgm,886790,1362
17,stavrovouni.pgm,886790,1369
17,stavrovouni.pgm,886790,1375
17,stavrovouni.pgm,886790,1364
17,stavrovouni.pgm,886790,1365
17,stavrovouni.pgm,886790,1360
17,stavrovouni.pgm,886790,1367
17,stavrovouni.pgm,886790,1365
17,stavrovouni.pgm,886790,1368
17,stavrovouni.pgm,886790,1365
17,stavrovouni.pgm,886790,1365
17,stavrovouni.pgm,886790,1367
17,stavrovouni.pgm,886790,1360
17,stavrovouni.pgm,886790,1362
17,stavrovouni.pgm,886790,1362
17,stavrovouni.pgm,886790,1364
17,stavrovouni.pgm,886790,1365
17,stavrovouni.pgm,886790,1374
18,stavrovouni.pgm,837524,1297
18,stavrovouni.pgm,837524,1292
18,stavrovouni.pgm,837524,1294
18,stavrovouni.pgm,837524,1296
18,stavrovouni.pgm,837524,1296
18,stavrovouni.pgm,837524,1303
18,stavrovouni.pgm,837524,1300
18,stavrovouni.pgm,837524,1303
18,stavrovouni.pgm,837524,1292
18,stavrovouni.pgm,837524,1303
18,stavrovouni.pgm,837524,1308
18,stavrovouni.pgm,837524,1309
18,stavrovouni.pgm,837524,1299
18,stavrovouni.pgm,837524,1297
18,stavrovouni.pgm,837524,1301
18,stavrovouni.pgm,837524,1298
18,stavrovouni.pgm,837524,1299
18,stavrovouni.pgm,837524,1299
18,stavrovouni.pgm,837524,1295
18,stavrovouni.pgm,837524,1285
19,stavrovouni.pgm,793444,1232
19,stavrovouni.pgm,793444,1237
19,stavrovouni.pgm,793444,1235
19,stavrovouni.pgm,793444,1235
19,stavrovouni.pgm,793444,1236
19,stavrovouni.pgm,793444,1242
19,stavrovouni.pgm,793444,1235
19,stavrovouni.pgm,793444,1234
19,stavrovouni.pgm,793444,1221
19,stavrovouni.pgm,793444,1235
19,stavrovouni.pgm,793444,1239
19,stavrovouni.pgm,793444,1233
19,stavrovouni.pgm,793444,1237
19,stavrovouni.pgm,793444,1244
19,stavrovouni.pgm,793444,1233
19,stavrovouni.pgm,793444,1234
19,stavrovouni.pgm,793444,1233
19,stavrovouni.pgm,793444,1241
19,stavrovouni.pgm,793444,1242
19,stavrovouni.pgm,793444,1232
20,stavrovouni.pgm,753772,1175
20,stavrovouni.pgm,753772,1176
20,stavrovouni.pgm,753772,1178
20,stavrovouni.pgm,753772,1179
20,stavrovouni.pgm,753772,1177
20,stavrovouni.pgm,753772,1179
20,stavrovouni.pgm,753772,1186
20,stavrovouni.pgm,753772,1175
20,stavrovouni.pgm,753772,1173
20,stavrovouni.pgm,753772,1176
20,stavrovouni.pgm,753772,1184
20,stavrovouni.pgm,753772,1180
20,stavrovouni.pgm,753772,1176
20,stavrovouni.pgm,753772,1177
20,stavrovouni.pgm,753772,1180
20,stavrovouni.pgm,753772,1189
20,stavrovouni.pgm,753772,1185
20,stavrovouni.pgm,753772,1177
20,stavrovouni.pgm,753772,1178
20,stavrovouni.pgm,753772,1177
21,stavrovouni.pgm,717878,1133
21,stavrovouni.pgm,717878,1121
21,stavrovouni.pgm,717878,1123
21,stavrovouni.pgm,717878,1123
21,stavrovouni.pgm,717878,1130
21,stavrovouni.pgm,717878,1130
21,stavrovouni.pgm,717878,1120
21,stavrovouni.pgm,717878,1131
21,stavrovouni.pgm,717878,1131
21,stavrovouni.pgm,717878,1125
21,stavrovouni.pgm,717878,1109
21,stavrovouni.pgm,717878,1129
21,stavrovouni.pgm,717878,1113
21,stavrovouni.pgm,717878,1121
21,stavrovouni.pgm,717878,1118
21,stavrovouni.pgm,717878,1128
21,stavrovouni.pgm,717878,1123
21,stavrovouni.pgm,717878,1130
21,stavrovouni.pgm,717878,1121
21,stavrovouni.pgm,717878,1128
22,stavrovouni.pgm,685247,1076
22,stavrovouni.pgm,685247,1086
22,stavrovouni.pgm,685247,1062
22,stavrovouni.pgm,685247,1077
22,stavrovouni.pgm,685247,1073
22,stavrovouni.pgm,685247,1072
22,stavrovouni.pgm,685247,1085
22,stavrovouni.pgm,685247,1083
22,stavrovouni.pgm,685247,1075
22,stavrovouni.pgm,685247,1072
22,stavrovouni.pgm,685247,1084
22,stavrovouni.pgm,685247,1082
22,stavrovouni.pgm,685247,1081
22,stavrovouni.pgm,685247,1273
22,stavrovouni.pgm,685247,1083
22,stavrovouni.pgm,685247,1076
22,stavrovouni.pgm,685247,1072
22,stavrovouni.pgm,685247,1075
22,stavrovouni.pgm,685247,1075
22,stavrovouni.pgm,685247,1060
23,stavrovouni.pgm,655454,1017
23,stavrovouni.pgm,655454,1028
23,stavrovouni.pgm,655454,1040
23,stavrovouni.pgm,655454,1033
23,stavrovouni.pgm,655454,1030
23,stavrovouni.pgm,655454,1037
23,stavrovouni.pgm,655454,1024
23,stavrovouni.pgm,655454,1028
23,stavrovouni.pgm,655454,1038
23,stavrovouni.pgm,655454,1035
23,stavrovouni.pgm,655454,1032
23,stavrovouni.pgm,655454,1036
23,stavrovouni.pgm,655454,1038
23,stavrovouni.pgm,655454,1028
23,stavrovouni.pgm,655454,1033
23,stavrovouni.pgm,655454,1035
23,stavrovouni.pgm,655454,1027
23,stavrovouni.pgm,655454,1032
23,stavrovouni.pgm,655454,1032
23,stavrovouni.pgm,655454,1028
24,stavrovouni.pgm,628143,988
24,stavrovouni.pgm,628143,991
24,stavrovouni.pgm,628143,985
24,stavrovouni.pgm,628143,986
24,stavrovouni.pgm,628143,975
24,stavrovouni.pgm,628143,983
24,stavrovouni.pgm,628143,977
24,stavrovouni.pgm,628143,985
24,stavrovouni.pgm,628143,993
24,stavrovouni.pgm,628143,985
24,stavrovouni.pgm,628143,982
24,stavrovouni.pgm,628143,985
24,stavrovouni.pgm,628143,985
24,stavrovouni.pgm,628143,996
24,stavrovouni.pgm,628143,982
24,stavrovouni.pgm,628143,984
24,stavrovouni.pgm,628143,979
24,stavrovouni.pgm,628143,986
24,stavrovouni.pgm,628143,984
24,stavrovouni.pgm,628143,980
25,stavrovouni.pgm,603017,935
25,stavrovouni.pgm,603017,946
25,stavrovouni.pgm,603017,942
25,stavrovouni.pgm,603017,947
25,stavrovouni.pgm,603017,946
25,stavrovouni.pgm,603017,952
25,stavrovouni.pgm,603017,942
25,stavrovouni.pgm,603017,951
25,stavrovouni.pgm,603017,942
25,stavrovouni.pgm,603017,951
25,stavrovouni.pgm,603017,946
25,stavrovouni.pgm,603017,942
25,stavrovouni.pgm,603017,943
25,stavrovouni.pgm,603017,943
25,stavrovouni.pgm,603017,951
25,stavrovouni.pgm,603017,943
25,stavrovouni.pgm,603017,942
25,stavrovouni.pgm,603017,942
25,stavrovouni.pgm,603017,942
25,stavrovouni.pgm,603017,943
26,stavrovouni.pgm,579824,914
26,stavrovouni.pgm,579824,910
26,stavrovouni.pgm,579824,934
26,stavrovouni.pgm,579824,901
26,stavrovouni.pgm,579824,903
26,stavrovouni.pgm,579824,911
26,stavrovouni.pgm,579824,907
26,stavrovouni.pgm,579824,912
26,stavrovouni.pgm,579824,911
26,stavrovouni.pgm,579824,904
26,stavrovouni.pgm,579824,909
26,stavrovouni.pgm,579824,909
26,stavrovouni.pgm,579824,909
26,stavrovouni.pgm,579824,909
26,stavrovouni.pgm,579824,908
26,stavrovouni.pgm,579824,914
26,stavrovouni.pgm,579824,918
26,stavrovouni.pgm,579824,915
26,stavrovouni.pgm,579824,911
26,stavrovouni.pgm,579824,916
27,stavrovouni.pgm,558350,876
27,stavrovouni.pgm,558350,870
27,stavrovouni.pgm,558350,876
27,stavrovouni.pgm,558350,866
27,stavrovouni.pgm,558350,872
27,stavrovouni.pgm,558350,875
27,stavrovouni.pgm,558350,876
27,stavrovouni.pgm,558350,883
27,stavrovouni.pgm,558350,865
27,stavrovouni.pgm,558350,896
27,stavrovouni.pgm,558350,882
27,stavrovouni.pgm,558350,875
27,stavrovouni.pgm,558350,874
27,stavrovouni.pgm,558350,883
27,stavrovouni.pgm,558350,874
27,stavrovouni.pgm,558350,889
27,stavrovouni.pgm,558350,900
27,stavrovouni.pgm,558350,886
27,stavrovouni.pgm,558350,887
27,stavrovouni.pgm,558350,887
28,stavrovouni.pgm,538408,852
28,stavrovouni.pgm,538408,853
28,stavrovouni.pgm,538408,855
28,stavrovouni.pgm,538408,859
28,stavrovouni.pgm,538408,856
28,stavrovouni.pgm,538408,855
28,stavrovouni.pgm,538408,855
28,stavrovouni.pgm,538408,857
28,stavrovouni.pgm,538408,854
28,stavrovouni.pgm,538408,859
28,stavrovouni.pgm,538408,848
28,stavrovouni.pgm,538408,856
28,stavrovouni.pgm,538408,847
28,stavrovouni.pgm,538408,852
28,stavrovouni.pgm,538408,854
28,stavrovouni.pgm,538408,856
28,stavrovouni.pgm,538408,854
28,stavrovouni.pgm,538408,858
28,stavrovouni.pgm,538408,838
28,stavrovouni.pgm,538408,849
29,stavrovouni.pgm,519843,814
29,stavrovouni.pgm,519843,830
29,stavrovouni.pgm,519843,817
29,stavrovouni.pgm,519843,824
29,stavrovouni.pgm,519843,833
29,stavrovouni.pgm,519843,817
29,stavrovouni.pgm,519843,829
29,stavrovouni.pgm,519843,820
29,stavrovouni.pgm,519843,817
29,stavrovouni.pgm,519843,819
29,stavrovouni.pgm,519843,821
29,stavrovouni.pgm,519843,828
29,stavrovouni.pgm,519843,825
29,stavrovouni.pgm,519843,821
29,stavrovouni.pgm,519843,820
29,stavrovouni.pgm,519843,828
29,stavrovouni.pgm,519843,818
29,stavrovouni.pgm,519843,831
29,stavrovouni.pgm,519843,826
29,stavrovouni.pgm,519843,828
30,stavrovouni.pgm,502515,803
30,stavrovouni.pgm,502515,795
30,stavrovouni.pgm,502515,791
30,stavrovouni.pgm,502515,793
30,stavrovouni.pgm,502515,801
30,stavrovouni.pgm,502515,792
30,stavrovouni.pgm,502515,802
30,stavrovouni.pgm,502515,806
30,stavrovouni.pgm,502515,803
30,stavrovouni.pgm,502515,795
30,stavrovouni.pgm,502515,801
30,stavrovouni.pgm,502515,801
30,stavrovouni.pgm,502515,801
30,stavrovouni.pgm,502515,792
30,stavrovouni.pgm,502515,806
30,stavrovouni.pgm,502515,802
30,stavrovouni.pgm,502515,802
30,stavrovouni.pgm,502515,804
30,stavrovouni.pgm,502515,794
30,stavrovouni.pgm,502515,795
31,stavrovouni.pgm,486304,769
31,stavrovouni.pgm,486304,766
31,stavrovouni.pgm,486304,772
31,stavrovouni.pgm,486304,769
31,stavrovouni.pgm,486304,770
31,stavrovouni.pgm,486304,775
31,stavrovouni.pgm,486304,768
31,stavrovouni.pgm,486304,770
31,stavrovouni.pgm,486304,769
31,stavrovouni.pgm,486304,772
31,stavrovouni.pgm,486304,779
31,stavrovouni.pgm,486304,759
31,stavrovouni.pgm,486304,766
31,stavrovouni.pgm,486304,769
31,stavrovouni.pgm,486304,777
31,stavrovouni.pgm,486304,767
31,stavrovouni.pgm,486304,769
31,stavrovouni.pgm,486304,776
31,stavrovouni.pgm,486304,754
31,stavrovouni.pgm,486304,779
32,stavrovouni.pgm,471107,744
32,stavrovouni.pgm,471107,741
32,stavrovouni.pgm,471107,742
32,stavrovouni.pgm,471107,745
32,stavrovouni.pgm,471107,743
32,stavrovouni.pgm,471107,743
32,stavrovouni.pgm,471107,749
32,stavrovouni.pgm,471107,746
32,stavrovouni.pgm,471107,746
32,stavrovouni.pgm,471107,745
32,stavrovouni.pgm,471107,753
32,stavrovouni.pgm,471107,758
32,stavrovouni.pgm,471107,745
32,stavrovouni.pgm,471107,753
32,stavrovouni.pgm,471107,739
32,stavrovouni.pgm,471107,745
32,stavrovouni.pgm,471107,745
32,stavrovouni.pgm,471107,753
32,stavrovouni.pgm,471107,748
32,stavrovouni.pgm,471107,750
33,stavrovouni.pgm,456832,697
33,stavrovouni.pgm,456832,699
33,stavrovouni.pgm,456832,700
33,stavrovouni.pgm,456832,690
33,stavrovouni.pgm,456832,690
33,stavrovouni.pgm,456832,692
33,stavrovouni.pgm,456832,698
33,stavrovouni.pgm,456832,692
33,stavrovouni.pgm,456832,699
33,stavrovouni.pgm,456832,691
33,stavrovouni.pgm,456832,701
33,stavrovouni.pgm,456832,697
33,stavrovouni.pgm,456832,697
33,stavrovouni.pgm,456832,687
33,stavrovouni.pgm,456832,698
33,stavrovouni.pgm,456832,698
33,stavrovouni.pgm,456832,698
33,stavrovouni.pgm,456832,742
33,stavrovouni.pgm,456832,690
33,stavrovouni.pgm,456832,689
34,stavrovouni.pgm,443395,679
34,stavrovouni.pgm,443395,679
34,stavrovouni.pgm,443395,670
34,stavrovouni.pgm,443395,679
34,stavrovouni.pgm,443395,671
34,stavrovouni.pgm,443395,672
34,stavrovouni.pgm,443395,681
34,stavrovouni.pgm,443395,675
34,stavrovouni.pgm,443395,680
34,stavrovouni.pgm,443395,673
34,stavrovouni.pgm,443395,675
34,stavrovouni.pgm,443395,671
34,stavrovouni.pgm,443395,670
34,stavrovouni.pgm,443395,671
34,stavrovouni.pgm,443395,691
34,stavrovouni.pgm,443395,681
34,stavrovouni.pgm,443395,670
34,stavrovouni.pgm,443395,680
34,stavrovouni.pgm,443395,671
34,stavrovouni.pgm,443395,670
35,stavrovouni.pgm,430727,664
35,stavrovouni.pgm,430727,655
35,stavrovouni.pgm,430727,662
35,stavrovouni.pgm,430727,652
35,stavrovouni.pgm,430727,663
35,stavrovouni.pgm,430727,654
35,stavrovouni.pgm,430727,655
35,stavrovouni.pgm,430727,656
35,stavrovouni.pgm,430727,663
35,stavrovouni.pgm,430727,641
35,stavrovouni.pgm,430727,664
35,stavrovouni.pgm,430727,663
35,stavrovouni.pgm,430727,653
35,stavrovouni.pgm,430727,663
35,stavrovouni.pgm,430727,655
35,stavrovouni.pgm,430727,653
35,stavrovouni.pgm,430727,656
35,stavrovouni.pgm,430727,666
35,stavrovouni.pgm,430727,662
35,stavrovouni.pgm,430727,661
36,stavrovouni.pgm,418762,648
36,stavrovouni.pgm,418762,647
36,stavrovouni.pgm,418762,647
36,stavrovouni.pgm,418762,638
36,stavrovouni.pgm,418762,648
36,stavrovouni.pgm,418762,626
36,stavrovouni.pgm,418762,646
36,stavrovouni.pgm,418762,645
36,stavrovouni.pgm,418762,647
36,stavrovouni.pgm,418762,630
36,stavrovouni.pgm,418762,648
36,stavrovouni.pgm,418762,638
36,stavrovouni.pgm,418762,645
36,stavrovouni.pgm,418762,640
36,stavrovouni.pgm,418762,659
36,stavrovouni.pgm,418762,649
36,stavrovouni.pgm,418762,639
36,stavrovouni.pgm,418762,638
36,stavrovouni.pgm,418762,638
36,stavrovouni.pgm,418762,645
37,stavrovouni.pgm,407444,627
37,stavrovouni.pgm,407444,623
37,stavrovouni.pgm,407444,630
37,stavrovouni.pgm,407444,627
37,stavrovouni.pgm,407444,631
37,stavrovouni.pgm,407444,613
37,stavrovouni.pgm,407444,630
37,stavrovouni.pgm,407444,625
37,stavrovouni.pgm,407444,622
37,stavrovouni.pgm,407444,630
37,stavrovouni.pgm,407444,610
37,stavrovouni.pgm,407444,631
37,stavrovouni.pgm,407444,630
37,stavrovouni.pgm,407444,623
37,stavrovouni.pgm,407444,622
37,stavrovouni.pgm,407444,624
37,stavrovouni.pgm,407444,631
37,stavrovouni.pgm,407444,623
37,stavrovouni.pgm,407444,631
37,stavrovouni.pgm,407444,629
38,stavrovouni.pgm,396722,610
38,stavrovouni.pgm,396722,613
38,stavrovouni.pgm,396722,610
38,stavrovouni.pgm,396722,619
38,stavrovouni.pgm,396722,622
38,stavrovouni.pgm,396722,621
38,stavrovouni.pgm,396722,614
38,stavrovouni.pgm,396722,620
38,stavrovouni.pgm,396722,620
38,stavrovouni.pgm,396722,612
38,stavrovouni.pgm,396722,615
38,stavrovouni.pgm,396722,611
38,stavrovouni.pgm,396722,611
38,stavrovouni.pgm,396722,610
38,stavrovouni.pgm,396722,613
38,stavrovouni.pgm,396722,618
38,stavrovouni.pgm,396722,612
38,stavrovouni.pgm,396722,614
38,stavrovouni.pgm,396722,622
38,stavrovouni.pgm,396722,611
39,stavrovouni.pgm,386550,603
39,stavrovouni.pgm,386550,601
39,stavrovouni.pgm,386550,609
39,stavrovouni.pgm,386550,611
39,stavrovouni.pgm,386550,609
39,stavrovouni.pgm,386550,612
39,stavrovouni.pgm,386550,612
39,stavrovouni.pgm,386550,610
39,stavrovouni.pgm,386550,591
39,stavrovouni.pgm,386550,613
39,stavrovouni.pgm,386550,613
39,stavrovouni.pgm,386550,613
39,stavrovouni.pgm,386550,605
39,stavrovouni.pgm,386550,610
39,stavrovouni.pgm,386550,611
39,stavrovouni.pgm,386550,614
39,stavrovouni.pgm,386550,604
39,stavrovouni.pgm,386550,622
39,stavrovouni.pgm,386550,598
39,stavrovouni.pgm,386550,600
